dataset,model,fraction,n_train_samples,accuracy,macro_f1,roc_auc,pr_auc,f1,rmse,mae,r2,best_optuna_params
covertype,xgboost,1.0,464809,0.9658,0.9389,,,,,,,"{'n_estimators': 500, 'max_depth': 10, 'learning_rate': 0.19490547751129034, 'subsample': 0.9724175643707942, 'colsample_bytree': 0.9614225169369287, 'min_child_weight': 4, 'reg_alpha': 1.860304792851494e-05, 'reg_lambda': 0.0001735439294056368}"
covertype,xgboost,0.5,232404,0.9529,0.9187,,,,,,,"{'n_estimators': 800, 'max_depth': 10, 'learning_rate': 0.10937006691052982, 'subsample': 0.9807881051590785, 'colsample_bytree': 0.7154370694889002, 'min_child_weight': 1, 'reg_alpha': 8.16971999620728e-06, 'reg_lambda': 2.052502781023321e-06}"
covertype,xgboost,0.1,46480,0.8904,0.8173,,,,,,,"{'n_estimators': 400, 'max_depth': 10, 'learning_rate': 0.15242565881909667, 'subsample': 0.9336448012886246, 'colsample_bytree': 0.9862840970601741, 'min_child_weight': 4, 'reg_alpha': 0.19019420524864644, 'reg_lambda': 3.3679799988423474e-06}"
covertype,xgboost,0.08,37184,0.8739,0.804,,,,,,,"{'n_estimators': 900, 'max_depth': 8, 'learning_rate': 0.06145673315937632, 'subsample': 0.7320515732448373, 'colsample_bytree': 0.7820452081770496, 'min_child_weight': 1, 'reg_alpha': 0.04144576894561321, 'reg_lambda': 0.0009056356504078932}"
covertype,xgboost,0.06,27888,0.8645,0.7822,,,,,,,"{'n_estimators': 1000, 'max_depth': 10, 'learning_rate': 0.03451715553356602, 'subsample': 0.9549666035693936, 'colsample_bytree': 0.6816368056858421, 'min_child_weight': 3, 'reg_alpha': 4.89414008543441e-06, 'reg_lambda': 5.0753582100376175e-05}"
covertype,xgboost,0.04,18592,0.8312,0.7411,,,,,,,"{'n_estimators': 900, 'max_depth': 6, 'learning_rate': 0.04866552459642657, 'subsample': 0.687439240871687, 'colsample_bytree': 0.9907578926781236, 'min_child_weight': 1, 'reg_alpha': 1.8215980626509385e-06, 'reg_lambda': 0.19008709900697346}"
covertype,xgboost,0.02,9296,0.7971,0.67,,,,,,,"{'n_estimators': 200, 'max_depth': 10, 'learning_rate': 0.26690431824362526, 'subsample': 0.9233589392465844, 'colsample_bytree': 0.7218455076693483, 'min_child_weight': 1, 'reg_alpha': 0.014391207615728067, 'reg_lambda': 9.148975058772307e-05}"
covertype,xgboost,0.01,4648,0.7641,0.6249,,,,,,,"{'n_estimators': 900, 'max_depth': 5, 'learning_rate': 0.042564917633779675, 'subsample': 0.6154275325047179, 'colsample_bytree': 0.9096379884659167, 'min_child_weight': 1, 'reg_alpha': 0.0076002727905340435, 'reg_lambda': 0.00023124692333282497}"
adult_income,xgboost,1.0,39073,,,0.9317,0.8363,0.7128,,,,"{'n_estimators': 900, 'max_depth': 6, 'learning_rate': 0.025544148532512145, 'subsample': 0.9383923344247063, 'colsample_bytree': 0.8165350948844625, 'min_child_weight': 1, 'reg_alpha': 0.15153466780639063, 'reg_lambda': 0.5813118663063052}"
adult_income,xgboost,0.5,19536,,,0.9292,0.829,0.7185,,,,"{'n_estimators': 200, 'max_depth': 6, 'learning_rate': 0.039639420820871, 'subsample': 0.7607890298133686, 'colsample_bytree': 0.6883226535671542, 'min_child_weight': 1, 'reg_alpha': 2.770731190526345e-05, 'reg_lambda': 7.216248472106911e-06}"
adult_income,xgboost,0.1,3907,,,0.9171,0.8072,0.6952,,,,"{'n_estimators': 500, 'max_depth': 6, 'learning_rate': 0.03255339668097139, 'subsample': 0.7526136433995549, 'colsample_bytree': 0.766524390521558, 'min_child_weight': 3, 'reg_alpha': 1.7667744914296844e-05, 'reg_lambda': 0.00012865258303931313}"
adult_income,xgboost,0.08,3125,,,0.9095,0.7862,0.6854,,,,"{'n_estimators': 900, 'max_depth': 7, 'learning_rate': 0.11492317033614895, 'subsample': 0.8015645397928, 'colsample_bytree': 0.7670974676894955, 'min_child_weight': 10, 'reg_alpha': 1.5134184298893088e-05, 'reg_lambda': 1.4515813314758656e-05}"
adult_income,xgboost,0.06,2344,,,0.9025,0.7652,0.6744,,,,"{'n_estimators': 1000, 'max_depth': 3, 'learning_rate': 0.2704729722717776, 'subsample': 0.6071847502459279, 'colsample_bytree': 0.9935496864584777, 'min_child_weight': 10, 'reg_alpha': 4.3444691085504035, 'reg_lambda': 6.178893500921435}"
adult_income,xgboost,0.04,1562,,,0.895,0.7472,0.6629,,,,"{'n_estimators': 500, 'max_depth': 9, 'learning_rate': 0.1810482911009809, 'subsample': 0.6594222543855668, 'colsample_bytree': 0.8026539157294464, 'min_child_weight': 8, 'reg_alpha': 5.330393577777754e-05, 'reg_lambda': 0.0020222602671843225}"
adult_income,xgboost,0.02,781,,,0.8851,0.7289,0.6369,,,,"{'n_estimators': 800, 'max_depth': 5, 'learning_rate': 0.05124506862769372, 'subsample': 0.8392842022678559, 'colsample_bytree': 0.6154597509246066, 'min_child_weight': 4, 'reg_alpha': 0.008146446268248436, 'reg_lambda': 0.007437236389747372}"
adult_income,xgboost,0.01,390,,,0.8571,0.6626,0.596,,,,"{'n_estimators': 1000, 'max_depth': 3, 'learning_rate': 0.037502178281013425, 'subsample': 0.6014562981232444, 'colsample_bytree': 0.7901892341369223, 'min_child_weight': 5, 'reg_alpha': 9.419108943767382, 'reg_lambda': 2.5678109448295868e-08}"
california_housing,xgboost,1.0,16512,,,,,,0.4424,0.2877,0.8506,"{'n_estimators': 600, 'max_depth': 9, 'learning_rate': 0.041855817435431215, 'subsample': 0.6205296154349298, 'colsample_bytree': 0.6592831408142682, 'min_child_weight': 3, 'reg_alpha': 1.7300880506119318e-06, 'reg_lambda': 2.703489179171874}"
california_housing,xgboost,0.5,8256,,,,,,0.4643,0.3055,0.8355,"{'n_estimators': 700, 'max_depth': 9, 'learning_rate': 0.03918276721947891, 'subsample': 0.963558924788465, 'colsample_bytree': 0.6806518077881214, 'min_child_weight': 6, 'reg_alpha': 0.009011214260263585, 'reg_lambda': 0.5569993335766786}"
california_housing,xgboost,0.1,1651,,,,,,0.5649,0.3874,0.7565,"{'n_estimators': 900, 'max_depth': 9, 'learning_rate': 0.09092520756144737, 'subsample': 0.62977067547043, 'colsample_bytree': 0.7068065827898746, 'min_child_weight': 5, 'reg_alpha': 5.707825091220742e-07, 'reg_lambda': 0.3403402464575216}"
california_housing,xgboost,0.08,1320,,,,,,0.5686,0.3867,0.7533,"{'n_estimators': 500, 'max_depth': 7, 'learning_rate': 0.023457883247086666, 'subsample': 0.6886355209867034, 'colsample_bytree': 0.7418639449263142, 'min_child_weight': 10, 'reg_alpha': 0.8808249937478644, 'reg_lambda': 7.87701300552545e-05}"
california_housing,xgboost,0.06,990,,,,,,0.5698,0.3936,0.7523,"{'n_estimators': 700, 'max_depth': 4, 'learning_rate': 0.035563321961365864, 'subsample': 0.8271325103995083, 'colsample_bytree': 0.998126464166043, 'min_child_weight': 8, 'reg_alpha': 0.0023897185933893545, 'reg_lambda': 3.7256871598714845e-07}"
california_housing,xgboost,0.04,660,,,,,,0.6449,0.4484,0.6826,"{'n_estimators': 700, 'max_depth': 4, 'learning_rate': 0.20718905882280889, 'subsample': 0.6009283821860724, 'colsample_bytree': 0.6890835844321278, 'min_child_weight': 5, 'reg_alpha': 0.012223661573105539, 'reg_lambda': 6.260932864551274e-05}"
california_housing,xgboost,0.02,330,,,,,,0.6448,0.4675,0.6828,"{'n_estimators': 800, 'max_depth': 3, 'learning_rate': 0.14075914918520485, 'subsample': 0.62234079633701, 'colsample_bytree': 0.8647151287654923, 'min_child_weight': 5, 'reg_alpha': 0.010714495571192206, 'reg_lambda': 0.0035499166870308152}"
california_housing,xgboost,0.01,165,,,,,,0.7078,0.5299,0.6177,"{'n_estimators': 500, 'max_depth': 9, 'learning_rate': 0.038104937138678116, 'subsample': 0.7344622484052011, 'colsample_bytree': 0.6130931135589778, 'min_child_weight': 2, 'reg_alpha': 3.032983873519083e-08, 'reg_lambda': 1.9820901527121237}"
